{
    "upi": {
        "accuracy": 0.985,
        "precision": 0.9786096256684492,
        "recall": 0.9891891891891892,
        "auc": 0.9962036455059711,
        "confusion_matrix": [
            211,
            4,
            2,
            183
        ],
        "roc_curve": {
            "fpr": [
                0.0,
                0.1,
                0.2,
                0.3,
                0.4,
                0.5,
                0.6,
                0.7,
                0.8,
                0.9,
                1.0
            ],
            "tpr": [
                0.7135135135135136,
                1.0,
                1.0,
                1.0,
                1.0,
                1.0,
                1.0,
                1.0,
                1.0,
                1.0,
                1.0
            ]
        }
    },
    "credit_card": {
        "accuracy": 0.9825,
        "precision": 0.9885057471264368,
        "recall": 0.9347826086956522,
        "auc": 0.9967532467532467,
        "confusion_matrix": [
            307,
            1,
            6,
            86
        ],
        "roc_curve": {
            "fpr": [
                0.0,
                0.1,
                0.2,
                0.3,
                0.4,
                0.5,
                0.6,
                0.7,
                0.8,
                0.9,
                1.0
            ],
            "tpr": [
                0.43478260869565216,
                1.0,
                1.0,
                1.0,
                1.0,
                1.0,
                1.0,
                1.0,
                1.0,
                1.0,
                1.0
            ]
        }
    }
}